Wikipedia, the free encyclopedia; Main Page; /wiki/Trans-Alaska_Pipeline_System
Trans-Alaska Pipeline System - Wikipedia; Trans-Alaska Pipeline System; /wiki/Ford_World_Rally_Team
Ford World Rally Team - Wikipedia; Ford World Rally Team; /wiki/Associated_Equipment_Company
Associated Equipment Company - Wikipedia; Associated Equipment Company; /wiki/Carcraft
Carcraft - Wikipedia; Carcraft; /wiki/White_and_Poppe
White and Poppe - Wikipedia; White and Poppe; /wiki/Vulcan_(motor_vehicles)
Vulcan (motor vehicles) - Wikipedia; Vulcan (motor vehicles); /wiki/Institute_of_Advanced_Motorists
IAM RoadSmart - Wikipedia; IAM RoadSmart; /wiki/Motor_Insurers%27_Bureau
Motor Insurers' Bureau - Wikipedia; Motor Insurers' Bureau; /wiki/Driving_examiner_(United_Kingdom)
Driving examiner (United Kingdom) - Wikipedia; Driving examiner (United Kingdom); /wiki/Fifth_Gear
Fifth Gear - Wikipedia; Fifth Gear; /wiki/Ferrari_458_Italia
Ferrari 458 - Wikipedia; Ferrari 458; /wiki/Ferrari_FF
Ferrari FF - Wikipedia; Ferrari FF; /wiki/Ferrari_488
Ferrari 488 - Wikipedia; Ferrari 488; /wiki/Ferrari_Enzo
Ferrari Enzo - Wikipedia; Ferrari Enzo; /wiki/Nicola_Materazzi
Nicola Materazzi - Wikipedia; Nicola Materazzi; /wiki/Osella
Osella - Wikipedia; Osella; /wiki/Isotta_Fraschini
Isotta Fraschini - Wikipedia; Isotta Fraschini; /wiki/Automobili_Turismo_e_Sport
Automobili Turismo e Sport - Wikipedia; Automobili Turismo e Sport; /wiki/Tyrrell_Racing
Tyrrell Racing - Wikipedia; Tyrrell Racing; /wiki/Tyrrell_017
Tyrrell 017 - Wikipedia; Tyrrell 017; /wiki/1988_British_Grand_Prix
1988 British Grand Prix - Wikipedia; 1988 British Grand Prix; /wiki/Gerhard_Berger
Gerhard Berger - Wikipedia; Gerhard Berger; /wiki/Valerio_Colotti
Valerio Colotti - Wikipedia; Valerio Colotti; /wiki/Enzo_Ferrari
Enzo Ferrari - Wikipedia; Enzo Ferrari; /wiki/South_Africa
South Africa - Wikipedia; South Africa; /wiki/Union_of_South_Africa
Union of South Africa - Wikipedia; Union of South Africa; /wiki/First_World_War
World War I - Wikipedia; World War I; /wiki/ISBN_(identifier)
ISBN - Wikipedia; ISBN; /wiki/ISO_31-1
ISO 31-1 - Wikipedia; ISO 31-1; /wiki/Names_of_the_days_of_the_week
Names of the days of the week - Wikipedia; Names of the days of the week; /wiki/Theory_of_relativity
Theory of relativity - Wikipedia; Theory of relativity; /wiki/Geologic_time_scale
Geologic time scale - Wikipedia; Geologic time scale; /wiki/Vredefort_impact_structure
Vredefort impact structure - Wikipedia; Vredefort impact structure; /wiki/Impact_structure
Impact structure - Wikipedia; Impact structure; /wiki/Beaverhead_impact_structure
Beaverhead impact structure - Wikipedia; Beaverhead impact structure; /wiki/Bannock_County,_Idaho
Bannock County, Idaho - Wikipedia; Bannock County, Idaho; /wiki/Idaho_Panhandle
Idaho Panhandle - Wikipedia; Idaho Panhandle; /wiki/Gem_County,_Idaho
Gem County, Idaho - Wikipedia; Gem County, Idaho; /wiki/Power_County,_Idaho
Power County, Idaho - Wikipedia; Power County, Idaho; /wiki/Oneida_County,_Idaho
Oneida County, Idaho - Wikipedia; Oneida County, Idaho; /wiki/1968_United_States_presidential_election_in_Idaho
1968 United States presidential election in Idaho - Wikipedia; 1968 United States presidential election in Idaho; /wiki/1920_United_States_presidential_election_in_Idaho
1920 United States presidential election in Idaho - Wikipedia; 1920 United States presidential election in Idaho; /wiki/1962_United_States_Senate_special_election_in_Idaho
1962 United States Senate special election in Idaho - Wikipedia; 1962 United States Senate special election in Idaho; /wiki/2016_United_States_Senate_election_in_Idaho
2016 United States Senate election in Idaho - Wikipedia; 2016 United States Senate election in Idaho; /wiki/Third-party_officeholders_in_the_United_States
List of third party and independent performances in United States elections - Wikipedia; List of third party and independent performances in United States elections; /wiki/1940_United_States_Senate_election_in_California
1940 United States Senate election in California - Wikipedia; 1940 United States Senate election in California; /wiki/2016_California_Proposition_57
2016 California Proposition 57 - Wikipedia; 2016 California Proposition 57; /wiki/1942_California_gubernatorial_election
1942 California gubernatorial election - Wikipedia; 1942 California gubernatorial election; /wiki/2004_California_State_Senate_election
2004 California State Senate election - Wikipedia; 2004 California State Senate election; /wiki/1964_United_States_Senate_election_in_California
1964 United States Senate election in California - Wikipedia; 1964 United States Senate election in California; /wiki/2004_California_Proposition_55
List of California ballot propositions: 2000–2009 - Wikipedia; List of California ballot propositions: 2000–2009; /wiki/2020_Los_Angeles_County_elections
2020 Los Angeles County elections - Wikipedia; 2020 Los Angeles County elections; /wiki/1872_United_States_Senate_election_in_California
1872 and 1873 United States Senate elections - Wikipedia; 1872 and 1873 United States Senate elections; /wiki/Red_Shirts_(United_States)
Red Shirts (United States) - Wikipedia; Red Shirts (United States); /wiki/1870_Massachusetts_gubernatorial_election
1870 Massachusetts gubernatorial election - Wikipedia; 1870 Massachusetts gubernatorial election; /wiki/1983_Boston_mayoral_election
1983 Boston mayoral election - Wikipedia; 1983 Boston mayoral election; /wiki/1889_United_States_Senate_election_in_Massachusetts
1889 United States Senate election in Massachusetts - Wikipedia; 1889 United States Senate election in Massachusetts; /wiki/1988_United_States_Senate_election_in_Massachusetts
1988 United States Senate election in Massachusetts - Wikipedia; 1988 United States Senate election in Massachusetts; /wiki/2006_United_States_Senate_election_in_Massachusetts
2006 United States Senate election in Massachusetts - Wikipedia; 2006 United States Senate election in Massachusetts; /wiki/2002_Massachusetts_general_election
2002 Massachusetts elections - Wikipedia; 2002 Massachusetts elections; /wiki/1924_United_States_presidential_election_in_Massachusetts
1924 United States presidential election in Massachusetts - Wikipedia; 1924 United States presidential election in Massachusetts; /wiki/1924_United_States_presidential_election_in_Missouri
1924 United States presidential election in Missouri - Wikipedia; 1924 United States presidential election in Missouri; /wiki/United_States_Senate
United States Senate - Wikipedia; United States Senate; /wiki/History_of_the_United_States_(1776%E2%80%931789)
History of the United States (1776–1789) - Wikipedia; History of the United States (1776–1789); /wiki/Colonial_history_of_the_United_States
Colonial history of the United States - Wikipedia; Colonial history of the United States; /wiki/Staten_Island_Peace_Conference
Staten Island Peace Conference - Wikipedia; Staten Island Peace Conference; /wiki/New_York_in_the_American_Revolution
History of New York (state) - Wikipedia; History of New York (state); /wiki/History_of_agriculture_in_the_United_States
History of agriculture in the United States - Wikipedia; History of agriculture in the United States; /wiki/Massey_Ferguson
Massey Ferguson - Wikipedia; Massey Ferguson; /wiki/Buffalo,_New_York
Buffalo, New York - Wikipedia; Buffalo, New York; /wiki/New_York_State_Electric_%26_Gas
New York State Electric & Gas - Wikipedia; New York State Electric & Gas; /wiki/New_York_State_Electric_%26_Gas
New York State Electric & Gas - Wikipedia; New York State Electric & Gas; /wiki/New_York_(state)
New York (state) - Wikipedia; New York (state); /wiki/LGBTQ%2B_rights
LGBT rights by country or territory - Wikipedia; LGBT rights by country or territory; /wiki/LGBT_rights_in_Georgia_(U.S._state)
LGBT rights in Georgia (U.S. state) - Wikipedia; LGBT rights in Georgia (U.S. state); /wiki/Shooting_of_Scout_Schultz
Killing of Scout Schultz - Wikipedia; Killing of Scout Schultz; /wiki/Atlanta_in_the_American_Civil_War
Atlanta in the American Civil War - Wikipedia; Atlanta in the American Civil War; /wiki/Interstate_85_bridge_collapse
Interstate 85 bridge collapse - Wikipedia; Interstate 85 bridge collapse; /wiki/Demolished_public_housing_projects_in_Atlanta
Demolished public housing projects in Atlanta - Wikipedia; Demolished public housing projects in Atlanta; /wiki/Bellwood_(Atlanta)
Marietta Street Artery - Wikipedia; Marietta Street Artery; /wiki/Loft
Loft - Wikipedia; Loft; /wiki/Air_conditioning
Air conditioning - Wikipedia; Air conditioning; /wiki/Charlotte,_North_Carolina
Charlotte, North Carolina - Wikipedia; Charlotte, North Carolina; /wiki/2021_Atlantic_Coast_Conference_Baseball_Tournament
2021 Atlantic Coast Conference baseball tournament - Wikipedia; 2021 Atlantic Coast Conference baseball tournament; /wiki/1989_Atlantic_Coast_Conference_baseball_tournament
1989 Atlantic Coast Conference baseball tournament - Wikipedia; 1989 Atlantic Coast Conference baseball tournament; /wiki/1978_Atlantic_Coast_Conference_baseball_tournament
1978 Atlantic Coast Conference baseball tournament - Wikipedia; 1978 Atlantic Coast Conference baseball tournament; /wiki/Maryland_Terrapins_baseball
Maryland Terrapins baseball - Wikipedia; Maryland Terrapins baseball; /wiki/Michigan_State_Spartans_baseball
Michigan State Spartans baseball - Wikipedia; Michigan State Spartans baseball; /wiki/Big_Ten_Conference_Baseball_Freshman_of_the_Year
Big Ten Conference Baseball Freshman of the Year - Wikipedia; Big Ten Conference Baseball Freshman of the Year; /wiki/Outfielder
Outfielder - Wikipedia; Outfielder; /wiki/Third_baseman
Third baseman - Wikipedia; Third baseman; /wiki/Brooks_Robinson
Brooks Robinson - Wikipedia; Brooks Robinson; /wiki/Wes_Parker
Wes Parker - Wikipedia; Wes Parker; /wiki/Russ_Hodges
Russ Hodges - Wikipedia; Russ Hodges; /wiki/Sugar_Ray_Robinson
Sugar Ray Robinson - Wikipedia; Sugar Ray Robinson; /wiki/Julio_C%C3%A9sar_Ch%C3%A1vez
Julio César Chávez - Wikipedia; Julio César Chávez; /wiki/Jos%C3%A9_Luis_Ram%C3%ADrez
José Luis Ramírez - Wikipedia; José Luis Ramírez; /wiki/List_of_The_Ring_world_champions#Lightweight
List of The Ring world champions - Wikipedia; List of The Ring world champions; /wiki/%C3%89der_Jofre
Éder Jofre - Wikipedia; Éder Jofre; /wiki/Arthur_Zanetti
Arthur Zanetti - Wikipedia; Arthur Zanetti; /wiki/Isaquias_Queiroz
Isaquias Queiroz - Wikipedia; Isaquias Queiroz; /wiki/2021_ICF_Canoe_Sprint_World_Championships_%E2%80%93_Men%27s_C-2_1000_metres
2021 ICF Canoe Sprint World Championships – Men's C-2 1000 metres - Wikipedia; 2021 ICF Canoe Sprint World Championships – Men's C-2 1000 metres; /wiki/Sebastian_Brendel
Sebastian Brendel - Wikipedia; Sebastian Brendel; /wiki/United_Team_of_Germany_at_the_1964_Summer_Olympics
United Team of Germany at the 1964 Summer Olympics - Wikipedia; United Team of Germany at the 1964 Summer Olympics; /wiki/East_Germany
East Germany - Wikipedia; East Germany; /wiki/Hungary%E2%80%93Soviet_Union_relations
Hungary–Soviet Union relations - Wikipedia; Hungary–Soviet Union relations; /wiki/Ferenc_M%C3%BCnnich
Ferenc Münnich - Wikipedia; Ferenc Münnich; /wiki/Viktor_Orb%C3%A1n
Viktor Orbán - Wikipedia; Viktor Orbán; /wiki/Association_football
Association football - Wikipedia; Association football; /wiki/COSAFA_Women%27s_Championship
COSAFA Women's Championship - Wikipedia; COSAFA Women's Championship; /wiki/Zambia_women%27s_national_football_team
Zambia women's national football team - Wikipedia; Zambia women's national football team; /wiki/Misozi_Zulu
Misozi Zulu - Wikipedia; Misozi Zulu; /wiki/Main_Page
Wikipedia, the free encyclopedia; Main Page; /wiki/Deaths_in_2022
Deaths in 2022 - Wikipedia; Deaths in 2022; /wiki/Yurii_Karmazin
